{
    "cam_parameters": {
        "lens": 35.0,
        "max_depth": 20.0,
        "min_depth": 1.0,
        "width": 24.0
    },
    "cameras": {
        "Camera0000": {
            "pose": [
                -2.200000047683716,
                0.0,
                1.2999999523162842,
                1.230034589767456,
                -2.498025821751071e-07,
                -1.7942723035812378
            ]
        },
        "Camera0001": {
            "pose": [
                -2.2054665088653564,
                0.07830384373664856,
                1.2986440658569336,
                1.2320585250854492,
                0.004294801969081163,
                -1.809045433998108
            ]
        },
        "Camera0002": {
            "pose": [
                -2.2149271965026855,
                0.15223270654678345,
                1.3043396472930908,
                1.2333922386169434,
                0.008324608206748962,
                -1.820034384727478
            ]
        },
        "Camera0003": {
            "pose": [
                -2.227208375930786,
                0.23050469160079956,
                1.3096174001693726,
                1.2340056896209717,
                0.011420602910220623,
                -1.8332990407943726
            ]
        },
        "Camera0004": {
            "pose": [
                -2.2440483570098877,
                0.3062214255332947,
                1.3143088817596436,
                1.2358283996582031,
                0.015040583908557892,
                -1.8446071147918701
            ]
        },
        "Camera0005": {
            "pose": [
                -2.26212477684021,
                0.3822425305843353,
                1.3178144693374634,
                1.2383403778076172,
                0.01828213781118393,
                -1.8553476333618164
            ]
        },
        "Camera0006": {
            "pose": [
                -2.285602569580078,
                0.4570451080799103,
                1.324865698814392,
                1.2398120164871216,
                0.020550597459077835,
                -1.8652701377868652
            ]
        },
        "Camera0007": {
            "pose": [
                -2.3099334239959717,
                0.5302196145057678,
                1.3282878398895264,
                1.2432293891906738,
                0.024749040603637695,
                -1.874229907989502
            ]
        },
        "Camera0008": {
            "pose": [
                -2.3391668796539307,
                0.6046895384788513,
                1.3327345848083496,
                1.2456774711608887,
                0.0266409981995821,
                -1.8835909366607666
            ]
        },
        "Camera0009": {
            "pose": [
                -2.363194465637207,
                0.6765351891517639,
                1.336403250694275,
                1.248219609260559,
                0.028616758063435555,
                -1.8918097019195557
            ]
        },
        "Camera0010": {
            "pose": [
                -2.3939621448516846,
                0.7477266192436218,
                1.3399667739868164,
                1.251560926437378,
                0.03169070929288864,
                -1.8995068073272705
            ]
        },
        "Camera0011": {
            "pose": [
                -2.4254095554351807,
                0.8148806691169739,
                1.3432632684707642,
                1.2552541494369507,
                0.03450865298509598,
                -1.9053353071212769
            ]
        },
        "Camera0012": {
            "pose": [
                -2.458561658859253,
                0.8877179026603699,
                1.3485467433929443,
                1.2580015659332275,
                0.03451932221651077,
                -1.9122544527053833
            ]
        },
        "Camera0013": {
            "pose": [
                -2.494037389755249,
                0.9525613188743591,
                1.3503806591033936,
                1.2619307041168213,
                0.03580488637089729,
                -1.9166271686553955
            ]
        },
        "Camera0014": {
            "pose": [
                -2.5311758518218994,
                1.016023874282837,
                1.3501403331756592,
                1.2663321495056152,
                0.03728410601615906,
                -1.920784592628479
            ]
        },
        "Camera0015": {
            "pose": [
                -2.568539619445801,
                1.0765085220336914,
                1.3503942489624023,
                1.270473599433899,
                0.03901424631476402,
                -1.9241753816604614
            ]
        },
        "Camera0016": {
            "pose": [
                -2.60874080657959,
                1.136365532875061,
                1.352049469947815,
                1.2744821310043335,
                0.040489524602890015,
                -1.9268945455551147
            ]
        },
        "Camera0017": {
            "pose": [
                -2.6424169540405273,
                1.1894474029541016,
                1.351832628250122,
                1.2786990404129028,
                0.04249865189194679,
                -1.9283084869384766
            ]
        },
        "Camera0018": {
            "pose": [
                -2.6805667877197266,
                1.241477370262146,
                1.3529767990112305,
                1.2815861701965332,
                0.042540811002254486,
                -1.9303247928619385
            ]
        },
        "Camera0019": {
            "pose": [
                -2.7162437438964844,
                1.2879868745803833,
                1.3550196886062622,
                1.2849798202514648,
                0.045102860778570175,
                -1.9308985471725464
            ]
        },
        "Camera0020": {
            "pose": [
                -2.7539215087890625,
                1.3329302072525024,
                1.3563796281814575,
                1.2884891033172607,
                0.04721551761031151,
                -1.930829405784607
            ]
        },
        "Camera0021": {
            "pose": [
                -2.7883217334747314,
                1.3733842372894287,
                1.3580718040466309,
                1.2914551496505737,
                0.04978581517934799,
                -1.930394172668457
            ]
        },
        "Camera0022": {
            "pose": [
                -2.8241443634033203,
                1.4140874147415161,
                1.3582191467285156,
                1.294816017150879,
                0.05063715949654579,
                -1.9292787313461304
            ]
        },
        "Camera0023": {
            "pose": [
                -2.8554837703704834,
                1.450562596321106,
                1.3578147888183594,
                1.297800898551941,
                0.05263224616646767,
                -1.9283220767974854
            ]
        },
        "Camera0024": {
            "pose": [
                -2.892307996749878,
                1.48276686668396,
                1.3533862829208374,
                1.3018697500228882,
                0.053872331976890564,
                -1.92573082447052
            ]
        },
        "Camera0025": {
            "pose": [
                -2.9223079681396484,
                1.5050026178359985,
                1.3446577787399292,
                1.3062771558761597,
                0.0549701489508152,
                -1.9217993021011353
            ]
        },
        "Camera0026": {
            "pose": [
                -2.9480302333831787,
                1.5240545272827148,
                1.3379034996032715,
                1.3099234104156494,
                0.05591389164328575,
                -1.9174818992614746
            ]
        },