{"cameras": {"Camera0000": {"frame": 0, "pose": [-0.07974521070718765, -0.1948927938938141, 0.9775773882865906, -0.9968152642250061, 0.015591489151120186, -0.07820616662502289, -6.919916728520548e-08, -0.9807006120681763, -0.1955154538154602, -2.5, 0.20000000298023224, 1.0]}, "Camera0001": {"frame": 1, "pose": [-0.059996478259563446, -0.19778358936309814, 0.9784079194068909, -0.9981985688209534, 0.011887573637068272, -0.058806996792554855, 1.6323392060257902e-07, -0.980173647403717, -0.19814051687717438, -2.5, 0.17000000178813934, 1.0]}, "Camera0002": {"frame": 2, "pose": [-0.04142426326870918, -0.20507390797138214, 0.9778695106506348, -0.9991416335105896, 0.008502713404595852, -0.04054224491119385, -3.875505285577674e-07, -0.9787095785140991, -0.2052500993013382, -2.5, 0.14000000059604645, 1.0]}, "Camera0003": {"frame": 3, "pose": [-0.025227773934602737, -0.2162940949201584, 0.9760022759437561, -0.9996817111968994, 0.005457933526486158, -0.024630296975374222, 4.323646294324135e-07, -0.9763129949569702, -0.21636295318603516, -2.5, 0.10999999940395355, 1.0]}, "Camera0004": {"frame": 4, "pose": [-0.012452681548893452, -0.23070016503334045, 0.9729452133178711, -0.9999224543571472, 0.0028731063939630985, -0.012116705067455769, -4.9216033914945e-08, -0.9730206727981567, -0.23071804642677307, -2.5, 0.07999999821186066, 1.0]}, "Camera0005": {"frame": 5, "pose": [-0.003915462642908096, -0.24734264612197876, 0.9689201712608337, -0.999992311000824, 0.0009685874101705849, -0.0037937695160508156, -1.2287668482713343e-07, -0.9689275622367859, -0.24734455347061157, -2.5, 0.05000000074505806, 1.0]}, "Camera0006": {"frame": 6, "pose": [-0.0001578768133185804, -0.26513564586639404, 0.964211106300354, -1.0, 4.178295421297662e-05, -0.0001522474194644019, 7.862799122904107e-08, -0.964211106300354, -0.26513564586639404, -2.5, 0.019999999552965164, 1.0]}, "Camera0007": {"frame": 7, "pose": [-0.001417322433553636, -0.2829360067844391, 0.9591377377510071, -0.9999989867210388, 0.0004010989214293659, -0.0013593832263723016, -9.066697259640932e-08, -0.9591386914253235, -0.2829362750053406, -2.5, -0.009999999776482582, 1.0]}, "Camera0008": {"frame": 8, "pose": [-0.007613867521286011, -0.2996158301830292, 0.9540295600891113, -0.9999710321426392, 0.0022813300602138042, -0.007264056243002415, -3.000154791266141e-08, -0.9540572166442871, -0.2996245324611664, -2.5, -0.03999999910593033, 1.0]}, "Camera0009": {"frame": 9, "pose": [-0.01835593208670616, -0.3141272962093353, 0.9492034316062927, -0.99983149766922, 0.005767104681581259, -0.017426438629627228, -3.578188056962972e-08, -0.9493633508682251, -0.3141802251338959, -2.5, -0.07000000029802322, 1.0]}, "Camera0010": {"frame": 10, "pose": [-0.03295913711190224, -0.32556575536727905, 0.9449447989463806, -0.9994567036628723, 0.010736113414168358, -0.03116152435541153, 9.074869922187645e-08, -0.9454584717750549, -0.3257427215576172, -2.5, -0.10000000149011612, 1.0]}, "Camera0011": {"frame": 11, "pose": [-0.05048540234565735, -0.333223432302475, 0.9414952993392944, -0.9987248182296753, 0.016844330355525017, -0.04759248346090317, 7.415663105803105e-08, -0.9426974058151245, -0.3336489200592041, -2.5, -0.12999999523162842, 1.0]}, "Camera0012": {"frame": 12, "pose": [-0.06980273872613907, -0.3366398513317108, 0.9390426874160767, -0.9975607991218567, 0.023555707186460495, -0.06570807099342346, 1.4265624770359864e-07, -0.9413387775421143, -0.33746299147605896, -2.5, -0.1599999964237213, 1.0]}, "Camera0013": {"frame": 13, "pose": [-0.08966384828090668, -0.33562910556793213, 0.9377171993255615, -0.9959720969200134, 0.030215518549084663, -0.0844193547964096, -1.693222806409267e-08, -0.941509485244751, -0.3369864821434021, -2.5, -0.1899999976158142, 1.0]}, "Camera0014": {"frame": 14, "pose": [-0.10880018025636673, -0.33029183745384216, 0.9375872611999512, -0.9940636157989502, 0.0361504964530468, -0.10261881351470947, -8.983790422689708e-08, -0.943186342716217, -0.3322642743587494, -2.5, -0.2199999988079071, 1.0]}, "Camera0015": {"frame": 15, "pose": [-0.1260107457637787, -0.3209964632987976, 0.9386599659919739, -0.9920288920402527, 0.04077417775988579, -0.11923159658908844, -1.646889273843044e-07, -0.946202278137207, -0.3235757648944855, -2.5, -0.25, 1.0]}, "Camera0016": {"frame": 16, "pose": [-0.1402411013841629, -0.3083476126194, 0.9408794641494751, -0.9901173710823059, 0.04367443546652794, -0.13326705992221832, 2.0271481560030225e-07, -0.9502706527709961, -0.3114252984523773, -2.5, -0.2800000011920929, 1.0]}, "Camera0017": {"frame": 17, "pose": [-0.15064692497253418, -0.2931315302848816, 0.9441289305686951, -0.9885876178741455, 0.04466884583234787, -0.14387212693691254, 3.0798915418017714e-07, -0.9550280570983887, -0.29651543498039246, -2.5, -0.3100000023841858, 1.0]}, "Camera0018": {"frame": 18, "pose": [-0.15662577748298645, -0.2762672007083893, 0.9482324719429016, -0.9876580238342285, 0.043811291456222534, -0.15037354826927185, -4.288544630526303e-09, -0.9600817561149597, -0.2797195017337799, -2.5, -0.3400000035762787, 1.0]}, "Camera0019": {"frame": 19, "pose": [-0.15783871710300446, -0.2587567865848541, 0.9529595375061035, -0.9874649047851562, 0.04136040434241295, -0.15232326090335846, -1.1204136285414279e-07, -0.9650565981864929, -0.26204150915145874, -2.5, -0.3700000047683716, 1.0]}, "Camera0020": {"frame": 20, "pose": [-0.15421710908412933, -0.2416394203901291, 0.9580331444740295, -0.9880369901657104, 0.03771619498729706, -0.1495339572429657, -6.623276505024478e-08, -0.9696328639984131, -0.2445651739835739, -2.5, -0.4000000059604645, 1.0]}, "Camera0021": {"frame": 21, "pose": [-0.1459660679101944, -0.2259470671415329, 0.9631416201591492, -0.9892895817756653, 0.033337611705064774, -0.1421080380678177, 5.178744899581034e-08, -0.9735689759254456, -0.22839324176311493, -2.5, -0.4300000071525574, 1.0]}, "Camera0022": {"frame": 22, "pose": [-0.13355667889118195, -0.21265658736228943, 0.9679564833641052, -0.9910411834716797, 0.028658531606197357, -0.1304456740617752, -7.704248616846598e-08, -0.9767066240310669, -0.21457897126674652, -2.5, -0.46000000834465027, 1.0]}, "Camera0023": {"frame": 23, "pose": [-0.11771588772535324, -0.20263199508190155, 0.972153902053833, -0.993047297000885, 0.024019811302423477, -0.1152392253279686, 2.007543997706307e-07, -0.9789603352546692, -0.204050675034523, -2.5, -0.49000000953674316, 1.0]}, "Camera0024": {"frame": 24, "pose": [-0.09940065443515778, -0.19656124711036682, 0.9754400253295898, -0.9950475096702576, 0.01963542215526104, -0.09744198620319366, 1.4079490995300148e-07, -0.980294942855835, -0.1975395381450653, -2.5, -0.5199999809265137, 1.0]}, "Camera0025": {"frame": 25, "pose": [-0.07974521070718765, -0.1948927938938141, 0.9775773882865906, -0.9968152642250061, 0.015591489151120186, -0.07820616662502289, -6.919916728520548e-08, -0.9807006120681763, -0.1955154538154602, -2.5, -0.550000011920929, 1.0]}, "Camera0026": {"frame": 26, "pose": [-0.059996478259563446, -0.19778358936309814, 0.9784079194068909, -0.9981985688209534, 0.011887573637068272, -0.058806996792554855, 1.6323392060257902e-07, -0.980173647403717, -0.19814051687717438, -2.5, -0.5799999833106995, 1.0]}, "Camera0027": {"frame": 27, "pose": [-0.041424382477998734, -0.20507390797138214, 0.97786945104599, -0.9991416335105896, 0.00850245077162981, -0.040542419999837875, -9.402739920005843e-08, -0.9787095785140991, -0.2052500993013382, -2.5, -0.6100000143051147, 1.0]}, "Camera0028": {"frame": 28, "pose": [-0.025227773934602737, -0.2162940949201584, 0.9760022759437561, -0.9996817111968994, 0.005457933526486158, -0.024630296975374222, 4.323646294324135e-07, -0.9763129949569702, -0.21636295318603516, -2.5, -0.6399999856948853, 1.0]}, "Camera0029": {"frame": 29, "pose": [-0.012452681548893452, -0.23070016503334045, 0.9729452133178711, -0.9999224543571472, 0.0028731063939630985, -0.012116705067455769, -4.9216033914945e-08, -0.9730206727981567, -0.23071804642677307, -2.5, -0.6700000166893005, 1.0]}, "Camera0030": {"frame": 30,